suite,runtime,engine,workload,phase,median_us,ops_per_second,fork_range_percent,fork_medians_us,artifact
common,dart-jit,ack,flat-invalid-first,validate,1.5570780334472656,642228.5707711562,3.547546522421858,"[1.5435295104980469, 1.5773493347167968, 1.5706265563964843, 1.5221112670898438]",.context/safeparse-optimization/final-comparison/common/results.json
common,dart-jit,ack,flat-invalid-last,validate,1.2830524444580078,779391.3680764812,6.848135765561797,"[1.2522417602539062, 1.3229052124023437, 1.2350400390625, 1.3138631286621094]",.context/safeparse-optimization/final-comparison/common/results.json
common,dart-jit,ack,flat-invalid-many,validate,1.862716049194336,536850.4772547169,26.779380691825587,"[1.853185028076172, 2.2937647705078126, 1.7949409484863281, 1.8722470703125]",.context/safeparse-optimization/final-comparison/common/results.json
common,dart-jit,ack,flat-missing,validate,2.102320999145508,475664.75357780844,5.925970216270616,"[2.094074249267578, 2.1105677490234376, 1.9982592163085937, 2.1228421325683593]",.context/safeparse-optimization/final-comparison/common/results.json
common,dart-jit,ack,flat-mixed,validate,1.507047637939453,663549.0311157475,2.0852344201398956,"[1.51898828125, 1.4911117553710938, 1.4951069946289062, 1.5225372314453125]",.context/safeparse-optimization/final-comparison/common/results.json
common,dart-jit,ack,flat-null,validate,1.4577585906982422,685984.6385957613,6.571891103246288,"[1.5081748962402344, 1.4621340637207032, 1.4123725891113281, 1.4533831176757812]",.context/safeparse-optimization/final-comparison/common/results.json
common,dart-jit,ack,flat-numeric-string,validate,1.307779312133789,764655.0077079806,8.339787035132932,"[1.2687034606933594, 1.31993994140625, 1.3777694702148438, 1.295618682861328]",.context/safeparse-optimization/final-comparison/common/results.json
common,dart-jit,ack,flat-unknown-key,validate,1.5419642181396485,648523.4794919442,7.2420724619896175,"[1.590876251220703, 1.5030530395507813, 1.4792060852050781, 1.5808753967285156]",.context/safeparse-optimization/final-comparison/common/results.json
common,dart-jit,ack,flat-valid,validate,1.367685317993164,731162.3418370264,5.835393083712543,"[1.3718134765625, 1.3225301208496094, 1.4023399353027344, 1.363557159423828]",.context/safeparse-optimization/final-comparison/common/results.json
common,dart-jit,ack,flat-valid/construct+validate,construct+validate,4.164338439941406,240134.18083619312,1.333571337417676,"[4.188296020507813, 4.17578125, 4.152895629882813, 4.132761596679687]",.context/safeparse-optimization/final-comparison/common/results.json
common,dart-jit,ack,flat-valid/decode+validate,decode+validate,1.8819153900146484,531373.517271792,3.116759949329786,"[1.881013214111328, 1.9129409790039062, 1.8542861938476562, 1.8828175659179687]",.context/safeparse-optimization/final-comparison/common/results.json
common,dart-jit,ack,nested-1-valid,validate,1.29681396484375,771120.6287946533,6.108511789899751,"[1.276463836669922, 1.317164093017578, 1.3330167236328125, 1.2538006896972655]",.context/safeparse-optimization/final-comparison/common/results.json
common,dart-jit,ack,nested-50-invalid-first,validate,33.87710595703125,29518.460085355913,8.571476176534402,"[33.63948583984375, 34.11472607421875, 31.9951171875, 34.89888525390625]",.context/safeparse-optimization/final-comparison/common/results.json
common,dart-jit,ack,nested-50-invalid-last,validate,32.513865234375,30756.109517940633,3.3465530540786714,"[32.0398154296875, 32.12211083984375, 33.1279091796875, 32.90561962890625]",.context/safeparse-optimization/final-comparison/common/results.json
common,dart-jit,ack,nested-50-invalid-many,validate,47.06075048828125,21249.129893264522,7.672029474618272,"[44.6917314453125, 47.2503662109375, 46.871134765625, 48.30224609375]",.context/safeparse-optimization/final-comparison/common/results.json
common,dart-jit,ack,nested-50-valid,validate,31.8366904296875,31410.300081553287,10.901326536111677,"[31.746134765625, 34.04498291015625, 30.574361328125, 31.92724609375]",.context/safeparse-optimization/final-comparison/common/results.json
common,dart-jit,ack,nested-50-valid/construct+validate,construct+validate,35.46632885742188,28195.757277842265,6.488030987082179,"[37.1940107421875, 35.6167197265625, 35.31593798828125, 34.8929443359375]",.context/safeparse-optimization/final-comparison/common/results.json
common,dart-jit,ack,nested-50-valid/decode+validate,decode+validate,49.09545849609375,20368.482760570703,3.905865425852114,"[49.4453935546875, 48.80655859375, 49.3843583984375, 47.527791015625]",.context/safeparse-optimization/final-comparison/common/results.json
common,dart-jit,ack,nested-500-valid,validate,327.272140625,3055.5610327548025,3.8859932939029096,"[329.36784375, 325.1764375, 320.1422578125, 332.86003125]",.context/safeparse-optimization/final-comparison/common/results.json
common,dart-jit,ack,string-invalid-constraint,validate,0.5178836212158203,1930935.7528093457,3.3926879420610847,"[0.5163482055664063, 0.5194190368652344, 0.5103171691894531, 0.5278873443603516]",.context/safeparse-optimization/final-comparison/common/results.json
common,dart-jit,ack,string-invalid-type,validate,0.14309724235534668,6988254.86459583,3.1623703332820745,"[0.14326636123657227, 0.14485549926757812, 0.1403302345275879, 0.1429281234741211]",.context/safeparse-optimization/final-comparison/common/results.json
common,dart-jit,ack,string-valid,validate,0.30122478866577146,3319779.904002406,13.281323144235701,"[0.3320426940917969, 0.30014165496826173, 0.2920360565185547, 0.30230792236328125]",.context/safeparse-optimization/final-comparison/common/results.json
common,dart-jit,ack,string-valid/construct+validate,construct+validate,0.9814370498657227,1018914.0507145283,6.183133522493819,"[0.9887587280273438, 1.0016619415283203, 0.9741153717041016, 0.9409783782958985]",.context/safeparse-optimization/final-comparison/common/results.json
common,dart-jit,ack-baseline,flat-invalid-first,validate,1.5219675750732422,657044.2211634349,10.489722620685281,"[1.6141548156738281, 1.498376220703125, 1.5455589294433594, 1.454504638671875]",.context/safeparse-optimization/final-comparison/common/results.json
common,dart-jit,ack-baseline,flat-invalid-last,validate,1.2971960754394531,770893.4824376712,6.414604008641404,"[1.3466110229492188, 1.2634010314941406, 1.2716687622070313, 1.322723388671875]",.context/safeparse-optimization/final-comparison/common/results.json
common,dart-jit,ack-baseline,flat-invalid-many,validate,1.7647349090576172,566657.3460225866,4.9864393837162115,"[1.83660888671875, 1.7551854553222657, 1.7742843627929688, 1.7486114501953125]",.context/safeparse-optimization/final-comparison/common/results.json
common,dart-jit,ack-baseline,flat-missing,validate,2.08619563293457,479341.43098235654,4.7828570371569405,"[2.126678466796875, 2.0778592529296875, 2.026898712158203, 2.094532012939453]",.context/safeparse-optimization/final-comparison/common/results.json
common,dart-jit,ack-baseline,flat-mixed,validate,1.4633165893554687,683379.1178711773,2.181528501026007,"[1.4394009704589843, 1.4556121826171875, 1.4713236389160156, 1.47102099609375]",.context/safeparse-optimization/final-comparison/common/results.json
common,dart-jit,ack-baseline,flat-null,validate,1.4629808959960937,683535.9249986202,7.815931251572051,"[1.43159228515625, 1.4214680786132812, 1.4943695068359375, 1.5358136596679688]",.context/safeparse-optimization/final-comparison/common/results.json
common,dart-jit,ack-baseline,flat-numeric-string,validate,1.3434327545166016,744361.7826333431,7.360117916647041,"[1.363909423828125, 1.2650311889648438, 1.336027801513672, 1.3508377075195312]",.context/safeparse-optimization/final-comparison/common/results.json
common,dart-jit,ack-baseline,flat-unknown-key,validate,1.5070088806152344,663566.0963004752,5.058810590578078,"[1.4974594116210938, 1.4728520812988282, 1.516558349609375, 1.5490888061523438]",.context/safeparse-optimization/final-comparison/common/results.json
common,dart-jit,ack-baseline,flat-valid,validate,1.3751939239501954,727170.1703913407,3.4365359226846435,"[1.3727061157226563, 1.361139923095703, 1.3776817321777344, 1.4083989562988282]",.context/safeparse-optimization/final-comparison/common/results.json
common,dart-jit,ack-baseline,flat-valid/construct+validate,construct+validate,4.046520233154297,247125.9112475737,6.755023280236734,"[4.122001647949219, 3.971038818359375, 4.220110534667969, 3.946767150878906]",.context/safeparse-optimization/final-comparison/common/results.json
common,dart-jit,ack-baseline,flat-valid/decode+validate,decode+validate,1.8677705078125,535397.6817907798,8.183408475491701,"[1.8807830810546875, 1.7652244567871094, 1.9180717468261719, 1.8547579345703125]",.context/safeparse-optimization/final-comparison/common/results.json
common,dart-jit,ack-baseline,nested-1-valid,validate,1.3079229888916015,764571.0095266766,7.552458004914156,"[1.3630561828613281, 1.2892443237304687, 1.3266016540527343, 1.2642758483886718]",.context/safeparse-optimization/final-comparison/common/results.json
common,dart-jit,ack-baseline,nested-50-invalid-first,validate,33.20001220703125,30120.470852965995,4.876927800216564,"[33.08109521484375, 31.92486572265625, 33.31892919921875, 33.54400634765625]",.context/safeparse-optimization/final-comparison/common/results.json
common,dart-jit,ack-baseline,nested-50-invalid-last,validate,33.755716796875,29624.611618159353,7.731197672709027,"[34.18829345703125, 33.32314013671875, 35.09763623046875, 32.4879150390625]",.context/safeparse-optimization/final-comparison/common/results.json
common,dart-jit,ack-baseline,nested-50-invalid-many,validate,46.07206201171875,21705.127930797695,7.359040958922377,"[45.2822265625, 47.6334228515625, 44.2429609375, 46.8618974609375]",.context/safeparse-optimization/final-comparison/common/results.json
common,dart-jit,ack-baseline,nested-50-valid,validate,33.6911923828125,29681.34783232392,7.841775865185927,"[34.9242958984375, 32.7400712890625, 32.28230810546875, 34.6423134765625]",.context/safeparse-optimization/final-comparison/common/results.json
common,dart-jit,ack-baseline,nested-50-valid/construct+validate,construct+validate,37.18442797851562,26892.977904024203,6.540938186877662,"[37.16524267578125, 37.20361328125, 38.2550048828125, 35.82279443359375]",.context/safeparse-optimization/final-comparison/common/results.json
common,dart-jit,ack-baseline,nested-50-valid/decode+validate,decode+validate,49.2426552734375,20307.597030402634,8.67262505577896,"[50.196818359375, 50.0078935546875, 48.4774169921875, 45.9261875]",.context/safeparse-optimization/final-comparison/common/results.json
common,dart-jit,ack-baseline,nested-500-valid,validate,335.76904296875,2978.23763369713,3.6834354436454326,"[332.944984375, 326.2431640625, 338.5931015625, 338.611]",.context/safeparse-optimization/final-comparison/common/results.json
common,dart-jit,ack-baseline,string-invalid-constraint,validate,0.5232790336608887,1911026.308476274,5.053478650861674,"[0.5136667938232422, 0.5401105880737305, 0.5283072814941406, 0.5182507858276367]",.context/safeparse-optimization/final-comparison/common/results.json
common,dart-jit,ack-baseline,string-invalid-type,validate,0.13783180809020995,7255219.342007811,5.942196622660303,"[0.1344245262145996, 0.1426147632598877, 0.1402479019165039, 0.13541571426391602]",.context/safeparse-optimization/final-comparison/common/results.json
common,dart-jit,ack-baseline,string-valid,validate,0.2982066478729248,3353379.2996664895,3.609191135462886,"[0.29675769805908203, 0.30138937377929687, 0.29062652587890625, 0.2996555976867676]",.context/safeparse-optimization/final-comparison/common/results.json
common,dart-jit,ack-baseline,string-valid/construct+validate,construct+validate,0.9693460464477539,1031623.3337563814,6.839275781089358,"[0.9365959167480469, 0.9433689117431641, 0.9953231811523438, 1.0028921661376953]",.context/safeparse-optimization/final-comparison/common/results.json
common,dart-jit,ack-json-schema,flat-invalid-first,validate,1.17159716796875,853535.6924204114,4.9285239396340215,"[1.1430238037109375, 1.157168716430664, 1.186025619506836, 1.2007662506103516]",.context/safeparse-optimization/final-comparison/common/results.json
common,dart-jit,ack-json-schema,flat-invalid-last,validate,1.7941474914550781,557367.7776005954,4.378674320948281,"[1.8600743713378907, 1.7815144958496094, 1.8027928466796874, 1.7855021362304688]",.context/safeparse-optimization/final-comparison/common/results.json
common,dart-jit,ack-json-schema,flat-invalid-many,validate,1.1583608016967772,863288.8807487192,3.25866129088784,"[1.1537005157470703, 1.1630210876464844, 1.1374346466064453, 1.1751817016601562]",.context/safeparse-optimization/final-comparison/common/results.json
common,dart-jit,ack-json-schema,flat-missing,validate,0.6923408584594727,1444375.2492451472,8.63320779717997,"[0.7417252807617187, 0.6929830017089844, 0.691698715209961, 0.6819540557861328]",.context/safeparse-optimization/final-comparison/common/results.json
common,dart-jit,ack-json-schema,flat-mixed,validate,1.1714859085083007,853616.7552141873,1.8464789621132085,"[1.171185806274414, 1.1641343536376954, 1.1717860107421876, 1.185765594482422]",.context/safeparse-optimization/final-comparison/common/results.json
common,dart-jit,ack-json-schema,flat-null,validate,1.3037904052734375,766994.4463123081,1.444591251975184,"[1.312096923828125, 1.3112373352050781, 1.2932624816894531, 1.2963434753417968]",.context/safeparse-optimization/final-comparison/common/results.json
common,dart-jit,ack-json-schema,flat-numeric-string,validate,1.2930679321289062,773354.5741511048,4.18739121456176,"[1.2764625549316406, 1.3225479125976562, 1.3096733093261719, 1.268402099609375]",.context/safeparse-optimization/final-comparison/common/results.json
common,dart-jit,ack-json-schema,flat-unknown-key,validate,1.6205024871826172,617092.5425351157,4.287301662764782,"[1.602948486328125, 1.6088587646484376, 1.67242431640625, 1.632146209716797]",.context/safeparse-optimization/final-comparison/common/results.json
common,dart-jit,ack-json-schema,flat-valid,validate,1.0669501571655273,937250.9046313954,4.4958568414457165,"[1.065411880493164, 1.0710455627441406, 1.0230770111083984, 1.0684884338378906]",.context/safeparse-optimization/final-comparison/common/results.json
common,dart-jit,ack-json-schema,flat-valid/construct+validate,construct+validate,13.769180419921875,72625.96389202328,3.595024220741227,"[13.884867431640625, 14.005706787109375, 13.510701416015625, 13.653493408203126]",.context/safeparse-optimization/final-comparison/common/results.json
common,dart-jit,ack-json-schema,flat-valid/decode+validate,decode+validate,1.5629037170410156,639834.6802151452,6.103321467974612,"[1.5546251831054687, 1.5711822509765625, 1.496882110595703, 1.5922711486816405]",.context/safeparse-optimization/final-comparison/common/results.json
common,dart-jit,ack-json-schema,nested-1-valid,validate,1.136122703552246,880186.6179360385,3.707232788079687,"[1.1384391784667969, 1.1392250061035156, 1.0971062927246094, 1.1338062286376953]",.context/safeparse-optimization/final-comparison/common/results.json
common,dart-jit,ack-json-schema,nested-50-invalid-first,validate,10.20263671875,98013.87891840153,5.039583632447954,"[10.04632568359375, 10.0324501953125, 10.54662060546875, 10.35894775390625]",.context/safeparse-optimization/final-comparison/common/results.json
common,dart-jit,ack-json-schema,nested-50-invalid-last,validate,28.145721435546875,35529.378853904294,3.9659738538988742,"[29.003662109375, 27.95304345703125, 27.88741015625, 28.3383994140625]",.context/safeparse-optimization/final-comparison/common/results.json
common,dart-jit,ack-json-schema,nested-50-invalid-many,validate,10.342747924804687,96686.10385463726,6.043766678633224,"[10.242258544921874, 10.4432373046875, 10.732859375, 10.107767822265625]",.context/safeparse-optimization/final-comparison/common/results.json
common,dart-jit,ack-json-schema,nested-50-valid,validate,26.35802197265625,37939.1139834923,5.399099009027749,"[25.67913818359375, 27.10223388671875, 25.90869140625, 26.8073525390625]",.context/safeparse-optimization/final-comparison/common/results.json
common,dart-jit,ack-json-schema,nested-50-valid/construct+validate,construct+validate,45.33829736328125,22056.408338127927,2.4956158311292453,"[45.815673828125, 44.9749755859375, 44.6842041015625, 45.701619140625]",.context/safeparse-optimization/final-comparison/common/results.json
common,dart-jit,ack-json-schema,nested-50-valid/decode+validate,decode+validate,42.78743505859375,23371.347187102594,4.254411401693466,"[41.2811689453125, 42.97977734375, 43.1015224609375, 42.5950927734375]",.context/safeparse-optimization/final-comparison/common/results.json
common,dart-jit,ack-json-schema,nested-500-valid,validate,259.4291171875,3854.617441716302,4.905852926408999,"[260.612140625, 258.24609375, 269.9412421875, 257.21403125]",.context/safeparse-optimization/final-comparison/common/results.json
common,dart-jit,ack-json-schema,string-invalid-constraint,validate,0.49889135360717773,2004444.440196473,6.452880618513149,"[0.5124410018920899, 0.4802481384277344, 0.4875027313232422, 0.5102799758911133]",.context/safeparse-optimization/final-comparison/common/results.json
common,dart-jit,ack-json-schema,string-invalid-type,validate,0.3848573341369629,2598365.449478794,11.725952732098346,"[0.35196844482421874, 0.3970966339111328, 0.3861875534057617, 0.38352711486816404]",.context/safeparse-optimization/final-comparison/common/results.json
common,dart-jit,ack-json-schema,string-valid,validate,0.2587391529083252,3864896.320327344,2.110333292240994,"[0.26238361740112304, 0.257598876953125, 0.2598794288635254, 0.25692335891723633]",.context/safeparse-optimization/final-comparison/common/results.json
common,dart-jit,ack-json-schema,string-valid/construct+validate,construct+validate,2.675329833984375,373785.6870196441,7.546895913370787,"[2.759366394042969, 2.736330627441406, 2.614329040527344, 2.5574620361328124]",.context/safeparse-optimization/final-comparison/common/results.json
common,dart-jit,ack-json-schema-baseline,flat-invalid-first,validate,1.2229023056030273,817726.8089349855,6.600193048459928,"[1.158521011352539, 1.2392349243164062, 1.2110621337890626, 1.2347424774169922]",.context/safeparse-optimization/final-comparison/common/results.json
common,dart-jit,ack-json-schema-baseline,flat-invalid-last,validate,1.86256982421875,536892.6238346245,3.7425977371339108,"[1.852349609375, 1.8727900390625, 1.8928324279785156, 1.8231239318847656]",.context/safeparse-optimization/final-comparison/common/results.json
common,dart-jit,ack-json-schema-baseline,flat-invalid-many,validate,1.1990502624511719,833993.3957028113,6.7286759217163015,"[1.2188949584960938, 1.17920556640625, 1.1427745819091797, 1.2234547882080078]",.context/safeparse-optimization/final-comparison/common/results.json
common,dart-jit,ack-json-schema-baseline,flat-missing,validate,0.7237151489257813,1381759.1098988485,3.9718679951142537,"[0.7290248870849609, 0.7264169006347656, 0.7210133972167969, 0.7002798767089844]",.context/safeparse-optimization/final-comparison/common/results.json
common,dart-jit,ack-json-schema-baseline,flat-mixed,validate,1.2493915557861328,800389.5939338148,4.575694040525708,"[1.2260920104980468, 1.276275634765625, 1.2191072998046875, 1.2726911010742188]",.context/safeparse-optimization/final-comparison/common/results.json
common,dart-jit,ack-json-schema-baseline,flat-null,validate,1.360277816772461,735143.9446191263,5.6239386721060916,"[1.373296112060547, 1.347259521484375, 1.2996368408203125, 1.3761380310058593]",.context/safeparse-optimization/final-comparison/common/results.json
common,dart-jit,ack-json-schema-baseline,flat-numeric-string,validate,1.3295574188232422,752129.9838897329,5.459417476842388,"[1.3810590209960938, 1.3360557556152344, 1.32305908203125, 1.308472930908203]",.context/safeparse-optimization/final-comparison/common/results.json
common,dart-jit,ack-json-schema-baseline,flat-unknown-key,validate,1.7966829986572266,556581.2114587617,7.542205363197054,"[1.9016253356933595, 1.7880592346191406, 1.7661158142089843, 1.8053067626953125]",.context/safeparse-optimization/final-comparison/common/results.json
common,dart-jit,ack-json-schema-baseline,flat-valid,validate,1.1099271774291992,900960.0092108643,5.353986749071825,"[1.143087387084961, 1.0892658233642578, 1.0836620330810547, 1.1305885314941406]",.context/safeparse-optimization/final-comparison/common/results.json
common,dart-jit,ack-json-schema-baseline,flat-valid/construct+validate,construct+validate,13.748336791992188,72736.07092477228,14.102897300920855,"[15.25194287109375, 13.313029052734375, 13.657552001953125, 13.83912158203125]",.context/safeparse-optimization/final-comparison/common/results.json
common,dart-jit,ack-json-schema-baseline,flat-valid/decode+validate,decode+validate,1.6362978515625,611135.6798794917,9.318120068466294,"[1.5989290771484375, 1.5723507995605468, 1.724822998046875, 1.6736666259765625]",.context/safeparse-optimization/final-comparison/common/results.json
common,dart-jit,ack-json-schema-baseline,nested-1-valid,validate,1.1997674255371094,833494.8746856684,7.2321616186446045,"[1.21695263671875, 1.1825822143554687, 1.1406701354980469, 1.2274392547607422]",.context/safeparse-optimization/final-comparison/common/results.json
common,dart-jit,ack-json-schema-baseline,nested-50-invalid-first,validate,10.410863159179687,96053.51494013815,9.010000270736775,"[10.158671142578125, 10.282135009765625, 10.53959130859375, 11.09668994140625]",.context/safeparse-optimization/final-comparison/common/results.json
common,dart-jit,ack-json-schema-baseline,nested-50-invalid-last,validate,29.88326025390625,33463.55088110853,6.678277385941782,"[31.578369140625, 29.64461279296875, 29.58268212890625, 30.12190771484375]",.context/safeparse-optimization/final-comparison/common/results.json
common,dart-jit,ack-json-schema-baseline,nested-50-invalid-many,validate,10.656087280273438,93843.07520183334,8.895349815584954,"[10.55079150390625, 11.057199951171874, 10.761383056640625, 10.1093037109375]",.context/safeparse-optimization/final-comparison/common/results.json
common,dart-jit,ack-json-schema-baseline,nested-50-valid,validate,28.44317626953125,35157.817485778294,5.443554578949514,"[28.78515625, 28.1011962890625, 27.43068408203125, 28.97900390625]",.context/safeparse-optimization/final-comparison/common/results.json
common,dart-jit,ack-json-schema-baseline,nested-50-valid/construct+validate,construct+validate,47.67679833984375,20974.562781500677,1.2338429937018038,"[47.67822265625, 47.917521484375, 47.3292646484375, 47.6753740234375]",.context/safeparse-optimization/final-comparison/common/results.json
common,dart-jit,ack-json-schema-baseline,nested-50-valid/decode+validate,decode+validate,44.49151611328125,22476.19517963534,4.58175482784118,"[43.35770703125, 43.9957275390625, 45.39619921875, 44.9873046875]",.context/safeparse-optimization/final-comparison/common/results.json
common,dart-jit,ack-json-schema-baseline,nested-500-valid,validate,283.004150390625,3533.517083123056,5.21533042611835,"[280.2664375, 278.36686328125, 285.74186328125, 293.12646484375]",.context/safeparse-optimization/final-comparison/common/results.json
common,dart-jit,ack-json-schema-baseline,string-invalid-constraint,validate,0.505776725769043,1977157.0122754883,6.070070539849152,"[0.5142672882080078, 0.5019604415893555, 0.4835662841796875, 0.5095930099487305]",.context/safeparse-optimization/final-comparison/common/results.json
common,dart-jit,ack-json-schema-baseline,string-invalid-type,validate,0.38295841217041016,2611249.59844208,10.113448268133608,"[0.37102159118652345, 0.38580989837646484, 0.38010692596435547, 0.40975189208984375]",.context/safeparse-optimization/final-comparison/common/results.json
common,dart-jit,ack-json-schema-baseline,string-valid,validate,0.2728222999572754,3665389.523351289,5.687205375252124,"[0.2709883041381836, 0.2813539505004883, 0.26583798599243164, 0.2746562957763672]",.context/safeparse-optimization/final-comparison/common/results.json
common,dart-jit,ack-json-schema-baseline,string-valid/construct+validate,construct+validate,2.700453430175781,370308.181887405,4.91561509637788,"[2.7734248046875, 2.66888427734375, 2.640680908203125, 2.7320225830078124]",.context/safeparse-optimization/final-comparison/common/results.json
common,dart-jit,json-schema,flat-invalid-first,validate,1.7719713897705078,564343.1975103798,7.095694310955392,"[1.7100715637207031, 1.7792587280273438, 1.764684051513672, 1.8358052368164062]",.context/safeparse-optimization/final-comparison/common/results.json
common,dart-jit,json-schema,flat-invalid-last,validate,1.9007829132080079,526099.0053368432,4.114565283282471,"[1.9371477966308595, 1.900146484375, 1.8589388427734375, 1.9014193420410157]",.context/safeparse-optimization/final-comparison/common/results.json
common,dart-jit,json-schema,flat-invalid-many,validate,2.1970100250244142,455164.05870241194,4.493982490977127,"[2.2395973205566406, 2.172540008544922, 2.221480041503906, 2.1408640747070313]",.context/safeparse-optimization/final-comparison/common/results.json
common,dart-jit,json-schema,flat-missing,validate,2.8594932556152344,349712.3128499371,3.5225063000350856,"[2.8424148559570312, 2.8765716552734375, 2.8330637817382813, 2.9337896118164064]",.context/safeparse-optimization/final-comparison/common/results.json
common,dart-jit,json-schema,flat-mixed,validate,1.450543716430664,689396.6646249645,9.441913013469733,"[1.495600372314453, 1.3763910827636718, 1.5133501586914062, 1.405487060546875]",.context/safeparse-optimization/final-comparison/common/results.json
common,dart-jit,json-schema,flat-null,validate,2.072964340209961,482400.96590311563,6.82915502887954,"[2.1385714111328125, 2.009858428955078, 2.1360702514648438, 1.9970054626464844]",.context/safeparse-optimization/final-comparison/common/results.json
common,dart-jit,json-schema,flat-numeric-string,validate,2.1007423400878906,476022.2045880039,3.261382575172917,"[2.0679588317871094, 2.1364720764160157, 2.098860412597656, 2.102624267578125]",.context/safeparse-optimization/final-comparison/common/results.json
common,dart-jit,json-schema,flat-unknown-key,validate,1.6173477172851562,618296.2323516787,1.4042388991881654,"[1.599267333984375, 1.621978759765625, 1.6142323608398437, 1.6204630737304688]",.context/safeparse-optimization/final-comparison/common/results.json
common,dart-jit,json-schema,flat-valid,validate,1.3614120483398438,734531.4750368465,7.419083965187763,"[1.3255373840332032, 1.3972867126464843, 1.41149267578125, 1.3104883728027343]",.context/safeparse-optimization/final-comparison/common/results.json
common,dart-jit,json-schema,flat-valid/construct+validate,construct+validate,158.406046875,6312.890320336769,9.182976857240002,"[156.49820703125, 156.91446875, 171.04459765625, 159.897625]",.context/safeparse-optimization/final-comparison/common/results.json
common,dart-jit,json-schema,flat-valid/decode+validate,decode+validate,1.8085765686035156,552921.019413707,5.411290944870443,"[1.8619918823242188, 1.80322900390625, 1.8139241333007812, 1.764124542236328]",.context/safeparse-optimization/final-comparison/common/results.json
common,dart-jit,json-schema,nested-1-valid,validate,1.3684641571044922,730746.2126855273,8.347582397584167,"[1.390276611328125, 1.2760429382324219, 1.3544464111328125, 1.382481903076172]",.context/safeparse-optimization/final-comparison/common/results.json
common,dart-jit,json-schema,nested-50-invalid-first,validate,36.15753173828125,27656.755091533665,7.412889492830074,"[36.58492041015625, 37.74772119140625, 35.73014306640625, 35.0674033203125]",.context/safeparse-optimization/final-comparison/common/results.json
common,dart-jit,json-schema,nested-50-invalid-last,validate,35.638234375,28059.75148705722,4.0978691249347285,"[36.60577392578125, 35.1825966796875, 36.0938720703125, 35.14536572265625]",.context/safeparse-optimization/final-comparison/common/results.json
common,dart-jit,json-schema,nested-50-invalid-many,validate,42.32818603515625,23624.919791493932,4.658365837304705,"[42.42236328125, 43.064697265625, 42.2340087890625, 41.0928955078125]",.context/safeparse-optimization/final-comparison/common/results.json
common,dart-jit,json-schema,nested-50-valid,validate,36.785186767578125,27184.855858374598,4.189396014690839,"[36.86619091796875, 36.0324501953125, 36.7041826171875, 37.57352734375]",.context/safeparse-optimization/final-comparison/common/results.json
common,dart-jit,json-schema,nested-50-valid/construct+validate,construct+validate,201.60188671875,4960.271038510053,9.296148583988908,"[206.32063671875, 191.91259765625, 196.88313671875, 210.65380859375]",.context/safeparse-optimization/final-comparison/common/results.json
common,dart-jit,json-schema,nested-50-valid/decode+validate,decode+validate,51.29534912109375,19494.944807555243,5.153117418252475,"[51.2376298828125, 51.353068359375, 48.905111328125, 51.5484208984375]",.context/safeparse-optimization/final-comparison/common/results.json
common,dart-jit,json-schema,nested-500-valid,validate,358.2023125,2791.7184370494538,5.662228764924571,"[363.9280625, 347.3483046875, 352.4765625, 367.6305390625]",.context/safeparse-optimization/final-comparison/common/results.json
common,dart-jit,json-schema,string-invalid-constraint,validate,0.6975692138671875,1433549.503218749,7.307088545305992,"[0.7038313598632813, 0.6528593597412109, 0.7028567047119141, 0.6922817230224609]",.context/safeparse-optimization/final-comparison/common/results.json
common,dart-jit,json-schema,string-invalid-type,validate,0.7608219833374024,1314367.9098406509,5.9868680133529395,"[0.7596791687011719, 0.7544873504638672, 0.8000367584228516, 0.7619647979736328]",.context/safeparse-optimization/final-comparison/common/results.json
common,dart-jit,json-schema,string-valid,validate,0.2897428665161133,3451336.048490387,6.309709381505634,"[0.2860329933166504, 0.3008797950744629, 0.28259786224365235, 0.29345273971557617]",.context/safeparse-optimization/final-comparison/common/results.json
common,dart-jit,json-schema,string-valid/construct+validate,construct+validate,150.399251953125,6648.969240296956,10.113814640009547,"[149.245931640625, 158.42431640625, 151.552572265625, 143.21321484375]",.context/safeparse-optimization/final-comparison/common/results.json
common,dart-jit,validart,flat-invalid-first,validate,2.2140890808105467,451653.01101341145,8.38607913567772,"[2.187299102783203, 2.112650573730469, 2.2408790588378906, 2.2983258361816405]",.context/safeparse-optimization/final-comparison/common/results.json
common,dart-jit,validart,flat-invalid-last,validate,1.926420196533203,519097.5477726021,5.056771779431637,"[1.9854329528808594, 1.8880182800292968, 1.9338709411621093, 1.9189694519042968]",.context/safeparse-optimization/final-comparison/common/results.json
common,dart-jit,validart,flat-invalid-many,validate,6.966529846191406,143543.48895048499,5.006221108576447,"[6.7810821533203125, 6.894449951171875, 7.038609741210937, 7.129842041015625]",.context/safeparse-optimization/final-comparison/common/results.json
common,dart-jit,validart,flat-missing,validate,2.1760692749023436,459544.19352981186,5.689024727679255,"[2.143046081542969, 2.209092468261719, 2.1002286071777343, 2.2240257263183594]",.context/safeparse-optimization/final-comparison/common/results.json
common,dart-jit,validart,flat-mixed,validate,2.11717350769043,472327.84482121846,3.3476610773553386,"[2.14838916015625, 2.0775133666992187, 2.1365636291503907, 2.0977833862304687]",.context/safeparse-optimization/final-comparison/common/results.json
common,dart-jit,validart,flat-null,validate,2.153472900390625,464366.1872032877,3.0589995040034013,"[2.171118408203125, 2.105243682861328, 2.1673736572265625, 2.1395721435546875]",.context/safeparse-optimization/final-comparison/common/results.json
common,dart-jit,validart,flat-numeric-string,validate,6.12404638671875,163290.72917682416,5.5767411810847145,"[6.2018076171875, 5.860285400390625, 6.09278369140625, 6.15530908203125]",.context/safeparse-optimization/final-comparison/common/results.json
common,dart-jit,validart,flat-unknown-key,validate,2.4698397521972657,404884.5675555918,52.45595394507238,"[2.452982604980469, 3.6290740966796875, 2.4866968994140626, 2.33349609375]",.context/safeparse-optimization/final-comparison/common/results.json
common,dart-jit,validart,flat-valid,validate,1.7715098114013672,564490.24079011,5.952100656768581,"[1.7890218200683594, 1.753997802734375, 1.7173309326171875, 1.8227729797363281]",.context/safeparse-optimization/final-comparison/common/results.json
common,dart-jit,validart,flat-valid/construct+validate,construct+validate,2.487025573730469,402086.7378939043,8.034299932606787,"[2.5575612182617187, 2.416489929199219, 2.393726348876953, 2.5935414428710937]",.context/safeparse-optimization/final-comparison/common/results.json
common,dart-jit,validart,flat-valid/decode+validate,decode+validate,2.2948080749511717,435766.2895278411,2.224179441025739,"[2.2920506896972657, 2.2850379943847656, 2.336078643798828, 2.297565460205078]",.context/safeparse-optimization/final-comparison/common/results.json
common,dart-jit,validart,nested-1-valid,validate,1.835226058959961,544892.0012430017,7.3918404634442165,"[1.8260981140136718, 1.7110150756835938, 1.8466720581054688, 1.84435400390625]",.context/safeparse-optimization/final-comparison/common/results.json
common,dart-jit,validart,nested-50-invalid-first,validate,43.922119140625,22767.57177399183,5.521156165754148,"[44.5139560546875, 44.97001171875, 43.3302822265625, 42.5450029296875]",.context/safeparse-optimization/final-comparison/common/results.json
common,dart-jit,validart,nested-50-invalid-last,validate,43.18888330078125,23154.106417516723,6.144939302041395,"[42.5562744140625, 43.762166015625, 45.210205078125, 42.6156005859375]",.context/safeparse-optimization/final-comparison/common/results.json
common,dart-jit,validart,nested-50-invalid-many,validate,76.7168984375,13034.937808580513,4.69933566624775,"[78.8736572265625, 77.2132158203125, 76.2205810546875, 75.26847265625]",.context/safeparse-optimization/final-comparison/common/results.json
common,dart-jit,validart,nested-50-valid,validate,42.5031123046875,23527.68881561913,7.699057056644312,"[43.5909013671875, 44.57295703125, 41.4153232421875, 41.3006181640625]",.context/safeparse-optimization/final-comparison/common/results.json
common,dart-jit,validart,nested-50-valid/construct+validate,construct+validate,42.94464111328125,23285.792454573235,4.278443729080948,"[42.187947265625, 43.7013349609375, 41.9712724609375, 43.808634765625]",.context/safeparse-optimization/final-comparison/common/results.json
common,dart-jit,validart,nested-50-valid/decode+validate,decode+validate,56.955607421875,17557.533757702124,6.505061113419919,"[56.5501708984375, 57.3610439453125, 59.77840234375, 56.0734052734375]",.context/safeparse-optimization/final-comparison/common/results.json
common,dart-jit,validart,nested-500-valid,validate,421.41211328125,2372.9740282349244,5.830163597742304,"[434.0719453125, 418.7415390625, 424.0826875, 409.5029296875]",.context/safeparse-optimization/final-comparison/common/results.json
common,dart-jit,validart,string-invalid-constraint,validate,0.6967493743896485,1435236.3084301278,4.918735021927453,"[0.7155005187988281, 0.681229263305664, 0.6968460083007812, 0.6966527404785157]",.context/safeparse-optimization/final-comparison/common/results.json
common,dart-jit,validart,string-invalid-type,validate,4.065723419189453,245958.6885030564,5.319421094853186,"[4.225669860839844, 4.024162292480469, 4.009396911621094, 4.1072845458984375]",.context/safeparse-optimization/final-comparison/common/results.json
common,dart-jit,validart,string-valid,validate,0.3415876998901367,2927505.880105242,1.7147748656806332,"[0.339225456237793, 0.3450829162597656, 0.3396847991943359, 0.3434906005859375]",.context/safeparse-optimization/final-comparison/common/results.json
common,dart-jit,validart,string-valid/construct+validate,construct+validate,0.4635817184448242,2157116.9876040327,2.447093139539509,"[0.47042242431640624, 0.4590781478881836, 0.4664764404296875, 0.4606869964599609]",.context/safeparse-optimization/final-comparison/common/results.json
common,node,ajv,flat-invalid-first,validate,0.1665026340484619,6005910.991828166,4.087370856354944,"[0.16476424407958984, 0.17156982421875, 0.1648259162902832, 0.16817935180664062]",.context/safeparse-optimization/final-comparison/common/results.json
common,node,ajv,flat-invalid-last,validate,0.17187746238708496,5818098.464520622,66.47076955606914,"[0.1680677719116211, 0.17568715286254882, 0.2785409278869629, 0.16429265594482423]",.context/safeparse-optimization/final-comparison/common/results.json
common,node,ajv,flat-invalid-many,validate,0.09128228759765625,10955027.81884353,92.76691471607127,"[0.09436209869384765, 0.17273998260498047, 0.08806022071838379, 0.08820247650146484]",.context/safeparse-optimization/final-comparison/common/results.json
common,node,ajv,flat-missing,validate,0.16092205047607422,6214188.776749892,4.2205228192652555,"[0.1609935760498047, 0.16085052490234375, 0.15696557235717773, 0.16375732421875]",.context/safeparse-optimization/final-comparison/common/results.json
common,node,ajv,flat-mixed,validate,0.18523351287841797,5398591.132136935,10.812533025038546,"[0.18983380126953125, 0.16980536651611328, 0.18089453125, 0.18957249450683594]",.context/safeparse-optimization/final-comparison/common/results.json
common,node,ajv,flat-null,validate,0.16840553283691406,5938047.183808456,6.343084955772258,"[0.16864442825317383, 0.17364978790283203, 0.16296768188476562, 0.1681666374206543]",.context/safeparse-optimization/final-comparison/common/results.json
common,node,ajv,flat-numeric-string,validate,0.1512812786102295,6610203.253083697,12.225677378210584,"[0.14934253692626953, 0.1474301815032959, 0.16592534255981445, 0.15322002029418946]",.context/safeparse-optimization/final-comparison/common/results.json
common,node,ajv,flat-unknown-key,validate,0.1882203426361084,5312922.004043568,4.502270923331686,"[0.18546295166015625, 0.19097773361206055, 0.18477169799804688, 0.19324588775634766]",.context/safeparse-optimization/final-comparison/common/results.json
common,node,ajv,flat-valid,validate,0.17792304229736328,5620407.492407291,10.268851372527848,"[0.18533484268188477, 0.17599185180664062, 0.16706418991088867, 0.17985423278808593]",.context/safeparse-optimization/final-comparison/common/results.json
common,node,ajv,flat-valid/construct+validate,construct+validate,2197.4388125,455.07524228277003,13.349940830263732,"[2449.5625, 2175.67709375, 2156.20571875, 2219.20053125]",.context/safeparse-optimization/final-comparison/common/results.json
common,node,ajv,flat-valid/decode+validate,decode+validate,0.6215634384155273,1608846.2386867106,9.54262268474424,"[0.599264778137207, 0.6585782318115234, 0.6145385131835938, 0.628588363647461]",.context/safeparse-optimization/final-comparison/common/results.json
common,node,ajv,nested-1-valid,validate,0.14896976852416993,6712771.389167815,26.33304824847968,"[0.17783546447753906, 0.1386071834564209, 0.14703710746765136, 0.15090242958068847]",.context/safeparse-optimization/final-comparison/common/results.json
common,node,ajv,nested-50-invalid-first,validate,4.451332092285156,224651.85235969114,10.272891532192409,"[4.575861633300781, 4.482666015625, 4.4199981689453125, 4.118581115722656]",.context/safeparse-optimization/final-comparison/common/results.json
common,node,ajv,nested-50-invalid-last,validate,4.366934448242188,228993.59077911687,5.551821302704621,"[4.508265197753906, 4.351104736328125, 4.38276416015625, 4.26582080078125]",.context/safeparse-optimization/final-comparison/common/results.json
common,node,ajv,nested-50-invalid-many,validate,4.776102722167969,209375.73125438977,18.562594966826712,"[5.15111279296875, 5.102885009765625, 4.449320434570312, 4.264544189453125]",.context/safeparse-optimization/final-comparison/common/results.json
common,node,ajv,nested-50-valid,validate,4.410980224609375,226706.9787393022,9.09177868948865,"[4.531255065917969, 4.512631713867187, 4.309328735351563, 4.130218505859375]",.context/safeparse-optimization/final-comparison/common/results.json
common,node,ajv,nested-50-valid/construct+validate,construct+validate,2386.022140625,419.10759459174915,2.8145694399302155,"[2343.40753125, 2361.58334375, 2410.4609375, 2410.56378125]",.context/safeparse-optimization/final-comparison/common/results.json
common,node,ajv,nested-50-valid/decode+validate,decode+validate,12.830459594726562,77939.53074066102,8.938977257726343,"[12.86210107421875, 12.979166748046875, 12.798818115234376, 11.8322548828125]",.context/safeparse-optimization/final-comparison/common/results.json
common,node,ajv,nested-500-valid,validate,46.9405517578125,21303.541661790674,10.353577419078007,"[47.4783115234375, 46.4027919921875, 48.4527998046875, 43.5927734375]",.context/safeparse-optimization/final-comparison/common/results.json
common,node,ajv,string-invalid-constraint,validate,0.05666955375671387,17646159.775548365,6.661005607756841,"[0.057148059844970706, 0.056191047668457034, 0.05784161853790283, 0.05406685638427734]",.context/safeparse-optimization/final-comparison/common/results.json
common,node,ajv,string-invalid-type,validate,0.0182021062374115,54938697.036316656,83.94615863503186,"[0.026379029273986818, 0.011312901973724365, 0.011099060297012329, 0.025091310501098633]",.context/safeparse-optimization/final-comparison/common/results.json
common,node,ajv,string-valid,validate,0.06290868902206422,15896055.30722896,10.562241230767897,"[0.06429870891571045, 0.06100328731536865, 0.06764785480499268, 0.06151866912841797]",.context/safeparse-optimization/final-comparison/common/results.json
common,node,ajv,string-valid/construct+validate,construct+validate,1932.86003125,517.3680369153735,19.421981554827084,"[1786.5794375, 2161.97915625, 1972.68490625, 1893.03515625]",.context/safeparse-optimization/final-comparison/common/results.json
common,node,valibot,flat-invalid-first,validate,0.5559891052246094,1798596.3944311794,3.9846418925309015,"[0.5530637130737305, 0.5428628921508789, 0.5650170669555664, 0.5589144973754883]",.context/safeparse-optimization/final-comparison/common/results.json
common,node,valibot,flat-invalid-last,validate,0.6115962600708008,1635065.5903033745,10.04622884992848,"[0.6138884124755859, 0.6093041076660156, 0.5772854537963867, 0.6387278137207031]",.context/safeparse-optimization/final-comparison/common/results.json
common,node,valibot,flat-invalid-many,validate,0.6284349784851074,1591254.5199355066,5.9549220996161,"[0.6270208358764648, 0.604724250793457, 0.62984912109375, 0.6421470642089844]",.context/safeparse-optimization/final-comparison/common/results.json
common,node,valibot,flat-missing,validate,0.5058708229064941,1976789.2408865837,1.6408895065953089,"[0.5033016204833984, 0.5036519393920899, 0.5080897064208985, 0.5116024017333984]",.context/safeparse-optimization/final-comparison/common/results.json
common,node,valibot,flat-mixed,validate,0.5597419738769531,1786537.452379492,8.313910299659927,"[0.5389194488525391, 0.5612001419067383, 0.558283805847168, 0.5854558944702148]",.context/safeparse-optimization/final-comparison/common/results.json
common,node,valibot,flat-null,validate,0.5764511413574219,1734752.3983476018,4.989305766045282,"[0.5786800384521484, 0.5742222442626953, 0.5606985092163086, 0.5894594192504883]",.context/safeparse-optimization/final-comparison/common/results.json
common,node,valibot,flat-numeric-string,validate,0.5652949028015136,1768988.1777531612,4.417004439347578,"[0.5643167495727539, 0.5626360549926758, 0.5662730560302734, 0.5876051559448242]",.context/safeparse-optimization/final-comparison/common/results.json
common,node,valibot,flat-unknown-key,validate,0.5999660491943359,1666760.979796856,5.61618921969131,"[0.5741297378540039, 0.6021757125854492, 0.5977563858032227, 0.6078249664306641]",.context/safeparse-optimization/final-comparison/common/results.json
common,node,valibot,flat-valid,validate,0.5013742446899414,1994518.0882165527,7.81410346395196,"[0.4989299774169922, 0.4972728042602539, 0.5038185119628906, 0.5364507064819336]",.context/safeparse-optimization/final-comparison/common/results.json
common,node,valibot,flat-valid/construct+validate,construct+validate,1.934907257080078,516820.6364107993,79.85112575278526,"[3.398234069824219, 1.9506378173828125, 1.9191766967773438, 1.8531888427734375]",.context/safeparse-optimization/final-comparison/common/results.json
common,node,valibot,flat-valid/decode+validate,decode+validate,0.9432783126831055,1060132.5044308002,5.9276169523980915,"[0.8999404907226562, 0.9324493408203125, 0.9558544158935547, 0.9541072845458984]",.context/safeparse-optimization/final-comparison/common/results.json
common,node,valibot,nested-1-valid,validate,0.518818058013916,1927457.9682675144,4.466134457472058,"[0.5229651107788086, 0.5055351257324219, 0.5287062377929688, 0.5146710052490234]",.context/safeparse-optimization/final-comparison/common/results.json
common,node,valibot,nested-50-invalid-first,validate,14.48659765625,69029.32101303764,5.987472863522291,"[14.548329833984376, 14.461690185546875, 14.511505126953125, 13.68094873046875]",.context/safeparse-optimization/final-comparison/common/results.json
common,node,valibot,nested-50-invalid-last,validate,14.132685302734375,70757.96132009826,5.489313155267999,"[13.867482421875, 14.39788818359375, 14.51075244140625, 13.734965087890625]",.context/safeparse-optimization/final-comparison/common/results.json
common,node,valibot,nested-50-invalid-many,validate,21.0460712890625,47514.80626788968,6.006439926691707,"[21.8715615234375, 20.81388330078125, 20.60744189453125, 21.27825927734375]",.context/safeparse-optimization/final-comparison/common/results.json
common,node,valibot,nested-50-valid,validate,14.341522216796875,69727.60526276591,4.4664276305849855,"[14.325653076171875, 14.357391357421875, 13.92615771484375, 14.56671142578125]",.context/safeparse-optimization/final-comparison/common/results.json
common,node,valibot,nested-50-valid/construct+validate,construct+validate,16.052688598632812,62294.86069300371,10.187297878670645,"[16.834320068359375, 15.812276123046875, 15.19898486328125, 16.29310107421875]",.context/safeparse-optimization/final-comparison/common/results.json
common,node,valibot,nested-50-valid/decode+validate,decode+validate,22.560801025390624,44324.66732340616,2.0783507535804855,"[22.8070478515625, 22.3381552734375, 22.40928125, 22.71232080078125]",.context/safeparse-optimization/final-comparison/common/results.json
common,node,valibot,nested-500-valid,validate,137.1487626953125,7291.352691395285,1.167697316696052,"[136.59423828125, 136.6455078125, 138.195720703125, 137.652017578125]",.context/safeparse-optimization/final-comparison/common/results.json
common,node,valibot,string-invalid-constraint,validate,0.12142376041412353,8235620.413907754,4.16378496477291,"[0.11750467681884766, 0.12181130981445312, 0.12103621101379394, 0.12256050109863281]",.context/safeparse-optimization/final-comparison/common/results.json
common,node,valibot,string-invalid-type,validate,0.1003062334060669,9969470.151986748,5.201227560227992,"[0.0988592300415039, 0.10407638549804688, 0.09999410438537598, 0.10061836242675781]",.context/safeparse-optimization/final-comparison/common/results.json
common,node,valibot,string-valid,validate,0.08418635559082031,11878409.428487483,12.94966121629359,"[0.07990113830566406, 0.09080298614501953, 0.08147931098937988, 0.08689340019226074]",.context/safeparse-optimization/final-comparison/common/results.json
common,node,valibot,string-valid/construct+validate,construct+validate,0.4754796028137207,2103139.6385509544,78.85804164456206,"[0.8151963500976562, 0.46047115325927734, 0.44024244689941405, 0.49048805236816406]",.context/safeparse-optimization/final-comparison/common/results.json
common,node,zod,flat-invalid-first,validate,1.4818007049560546,674854.585137788,12.010875233859263,"[1.4843622741699218, 1.4792391357421875, 1.4653523864746094, 1.6433296203613281]",.context/safeparse-optimization/final-comparison/common/results.json
common,node,zod,flat-invalid-last,validate,1.3704166564941407,729705.0829477244,3.9516042165855008,"[1.3352826538085938, 1.3645909729003907, 1.3894360961914063, 1.3762423400878907]",.context/safeparse-optimization/final-comparison/common/results.json
common,node,zod,flat-invalid-many,validate,1.3125960083007813,761849.0332715153,5.3598502118497375,"[1.3071632385253906, 1.318028778076172, 1.3586285705566405, 1.288275390625]",.context/safeparse-optimization/final-comparison/common/results.json
common,node,zod,flat-missing,validate,1.1975838241577148,835014.6184575601,11.854677157548622,"[1.2070013580322265, 1.2792040557861328, 1.188166290283203, 1.137234359741211]",.context/safeparse-optimization/final-comparison/common/results.json
common,node,zod,flat-mixed,validate,1.0968068389892578,911737.5680493857,7.986944078291902,"[1.0805702209472656, 1.1029408721923828, 1.1681715698242188, 1.0906728057861328]",.context/safeparse-optimization/final-comparison/common/results.json
common,node,zod,flat-null,validate,1.1805493087768555,847063.3056708837,4.645518463368535,"[1.1729990692138672, 1.1880995483398438, 1.2277571411132813, 1.1729145050048828]",.context/safeparse-optimization/final-comparison/common/results.json
common,node,zod,flat-numeric-string,validate,1.2270402908325195,814969.1639885127,12.345025706391429,"[1.1329415740966797, 1.280522674560547, 1.2844200134277344, 1.1735579071044921]",.context/safeparse-optimization/final-comparison/common/results.json
common,node,zod,flat-unknown-key,validate,1.2330137939453125,811020.9349728919,7.6787072552020135,"[1.223309829711914, 1.2426287231445312, 1.3179893493652344, 1.2233988647460938]",.context/safeparse-optimization/final-comparison/common/results.json
common,node,zod,flat-valid,validate,0.8959067687988281,1116187.5708794266,8.92182779938586,"[0.9243793487548828, 0.8674341888427735, 0.9462318420410156, 0.8663005828857422]",.context/safeparse-optimization/final-comparison/common/results.json
common,node,zod,flat-valid/construct+validate,construct+validate,77.68094921875,12873.16916254453,9.403499329664916,"[78.9877109375, 78.5791015625, 71.6829833984375, 76.782796875]",.context/safeparse-optimization/final-comparison/common/results.json
common,node,zod,flat-valid/decode+validate,decode+validate,1.3020922393798828,767994.7470359295,6.898195004924009,"[1.3013699951171875, 1.3028144836425781, 1.308502197265625, 1.2186813354492188]",.context/safeparse-optimization/final-comparison/common/results.json
common,node,zod,nested-1-valid,validate,0.683967903137207,1462056.9114621093,9.483742274499066,"[0.6761964111328125, 0.6917393951416015, 0.7340761871337891, 0.6692104339599609]",.context/safeparse-optimization/final-comparison/common/results.json
common,node,zod,nested-50-invalid-first,validate,18.312540649414064,54607.38731695301,8.796819476983217,"[17.67322802734375, 18.502899169921875, 19.284149169921875, 18.12218212890625]",.context/safeparse-optimization/final-comparison/common/results.json
common,node,zod,nested-50-invalid-last,validate,17.66551721191406,56607.4566628355,9.933771141428762,"[17.02095556640625, 17.961812255859375, 18.7758076171875, 17.36922216796875]",.context/safeparse-optimization/final-comparison/common/results.json
common,node,zod,nested-50-invalid-many,validate,30.350759033203126,32948.10514972689,10.479886496995348,"[28.32330322265625, 29.74153662109375, 30.9599814453125, 31.5040283203125]",.context/safeparse-optimization/final-comparison/common/results.json
common,node,zod,nested-50-valid,validate,17.2052763671875,58121.70514779515,3.627167594788186,"[17.1611123046875, 17.489105224609375, 17.2494404296875, 16.865041015625]",.context/safeparse-optimization/final-comparison/common/results.json
common,node,zod,nested-50-valid/construct+validate,construct+validate,105.0690107421875,9517.55415736943,3.8103528069028516,"[101.819986328125, 105.823486328125, 104.577474609375, 105.560546875]",.context/safeparse-optimization/final-comparison/common/results.json
common,node,zod,nested-50-valid/decode+validate,decode+validate,26.008137939453125,38449.503856369774,12.438044646351067,"[25.05255126953125, 27.2065224609375, 26.963724609375, 23.97161865234375]",.context/safeparse-optimization/final-comparison/common/results.json
common,node,zod,nested-500-valid,validate,165.623046875,6037.807049611434,10.328051038337716,"[162.85237890625, 168.39371484375, 178.072265625, 160.9666328125]",.context/safeparse-optimization/final-comparison/common/results.json
common,node,zod,string-invalid-constraint,validate,0.7059803085327149,1416470.1025137168,15.812882086223404,"[0.6895567626953125, 0.6998647155761719, 0.8011925964355469, 0.7120959014892578]",.context/safeparse-optimization/final-comparison/common/results.json
common,node,zod,string-invalid-type,validate,0.4643297233581543,2153642.0127657084,11.311500569444526,"[0.45500946044921875, 0.5075321197509766, 0.47286161041259767, 0.45579783630371096]",.context/safeparse-optimization/final-comparison/common/results.json
common,node,zod,string-valid,validate,0.19988854598999023,5002787.903865571,17.51246570034727,"[0.18875153732299804, 0.2045982666015625, 0.22375695037841797, 0.19517882537841796]",.context/safeparse-optimization/final-comparison/common/results.json
common,node,zod,string-valid/construct+validate,construct+validate,9.441889404296875,105911.0054333949,3.6980614278142934,"[9.24041748046875, 9.569712280273437, 9.589584350585938, 9.314066528320312]",.context/safeparse-optimization/final-comparison/common/results.json
scaling,dart-jit,ack,nested-1-invalid-first,validate,1.5200875701904297,657856.8364154998,10.649334591000027,"[1.559960693359375, 1.5529073181152344, 1.487267822265625, 1.3980814819335938]",.context/safeparse-optimization/final-comparison/scaling/results.json
scaling,dart-jit,ack,nested-1-invalid-last,validate,1.451202392578125,689083.7591739743,16.069614955943894,"[1.5632298889160157, 1.4525960388183594, 1.4498087463378906, 1.3300272521972656]",.context/safeparse-optimization/final-comparison/scaling/results.json
scaling,dart-jit,ack,nested-1-invalid-many,validate,1.4982286987304687,667454.8424064729,8.710422166409968,"[1.4740346069335937, 1.5224227905273438, 1.5332387084960937, 1.4027366638183594]",.context/safeparse-optimization/final-comparison/scaling/results.json
scaling,dart-jit,ack,nested-1-valid,validate,1.3334064483642578,749958.8750502439,13.363487624608597,"[1.337628662109375, 1.3291842346191407, 1.3693046569824219, 1.1911150512695312]",.context/safeparse-optimization/final-comparison/scaling/results.json
scaling,dart-jit,ack,nested-1-valid/decode+validate,decode+validate,1.851996109008789,539957.9378896278,14.91229592964273,"[1.9903958435058593, 1.8161748352050782, 1.8878173828125, 1.714220703125]",.context/safeparse-optimization/final-comparison/scaling/results.json
scaling,dart-jit,ack,nested-10-invalid-first,validate,7.650423706054688,130711.71459543887,15.269711544360662,"[7.9428558349609375, 7.514760375976563, 7.7860870361328125, 6.774658203125]",.context/safeparse-optimization/final-comparison/scaling/results.json
scaling,dart-jit,ack,nested-10-invalid-last,validate,7.397450805664063,135181.70330167285,12.483997296563954,"[7.833343505859375, 7.651860595703125, 7.143041015625, 6.909845947265625]",.context/safeparse-optimization/final-comparison/scaling/results.json
scaling,dart-jit,ack,nested-10-invalid-many,validate,9.838241516113282,101644.18085916866,16.40442408034273,"[9.99071240234375, 10.655517578125, 9.685770629882812, 9.041610717773438]",.context/safeparse-optimization/final-comparison/scaling/results.json
scaling,dart-jit,ack,nested-10-valid,validate,7.15399169921875,139782.10236240627,15.782933342433731,"[7.724324584960938, 7.278142211914062, 7.029841186523438, 6.59521484375]",.context/safeparse-optimization/final-comparison/scaling/results.json
scaling,dart-jit,ack,nested-10-valid/decode+validate,decode+validate,10.509674194335938,95150.42821583737,14.668249239438305,"[11.205535888671875, 10.482126953125, 10.537221435546876, 9.66395068359375]",.context/safeparse-optimization/final-comparison/scaling/results.json
scaling,dart-jit,ack,nested-100-invalid-first,validate,66.40252685546875,15059.667867408007,12.222560272221145,"[67.9134931640625, 67.7288818359375, 65.076171875, 59.797404296875]",.context/safeparse-optimization/final-comparison/scaling/results.json
scaling,dart-jit,ack,nested-100-invalid-last,validate,68.50691796875,14597.065955531065,15.160849118169008,"[69.447591796875, 67.566244140625, 70.8340654296875, 60.4478349609375]",.context/safeparse-optimization/final-comparison/scaling/results.json
scaling,dart-jit,ack,nested-100-invalid-many,validate,95.6809892578125,10451.396957294193,10.943774107425439,"[94.408365234375, 96.95361328125, 96.96053125, 86.489419921875]",.context/safeparse-optimization/final-comparison/scaling/results.json
scaling,dart-jit,ack,nested-100-valid,validate,68.44510888671876,14610.247777603321,16.225245162704265,"[70.6384677734375, 66.864216796875, 70.0260009765625, 59.5330810546875]",.context/safeparse-optimization/final-comparison/scaling/results.json
scaling,dart-jit,ack,nested-100-valid/decode+validate,decode+validate,99.53759765625,10046.455043585329,9.33458521581728,"[102.306232421875, 98.747232421875, 100.327962890625, 93.014810546875]",.context/safeparse-optimization/final-comparison/scaling/results.json
scaling,dart-jit,ack,nested-1000-invalid-first,validate,678.810875,1473.1643773385333,11.913735821483414,"[723.4329375, 695.4264375, 662.1953125, 642.561203125]",.context/safeparse-optimization/final-comparison/scaling/results.json
scaling,dart-jit,ack,nested-1000-invalid-last,validate,660.5247421875,1513.9478298545473,15.101382403505017,"[733.46028125, 662.681640625, 658.36784375, 633.7119140625]",.context/safeparse-optimization/final-comparison/scaling/results.json
scaling,dart-jit,ack,nested-1000-invalid-many,validate,1019.4710234375,980.9008564345,16.3720399391256,"[1042.0859375, 1001.6673125, 1037.274734375, 875.177734375]",.context/safeparse-optimization/final-comparison/scaling/results.json
scaling,dart-jit,ack,nested-1000-valid,validate,677.8473359375,1475.2584350234927,15.131389224705476,"[740.59896875, 697.0859375, 658.608734375, 638.03125]",.context/safeparse-optimization/final-comparison/scaling/results.json
scaling,dart-jit,ack,nested-1000-valid/decode+validate,decode+validate,965.614265625,1035.6102178676322,9.529906910130215,"[976.654953125, 935.80728125, 1027.829421875, 954.573578125]",.context/safeparse-optimization/final-comparison/scaling/results.json
scaling,dart-jit,ack,nested-10000-invalid-first,validate,7140.3073125,140.04999452185695,7.719672989915166,"[7492.0625, 7144.625, 7135.989625, 6940.854125]",.context/safeparse-optimization/final-comparison/scaling/results.json
scaling,dart-jit,ack,nested-10000-invalid-last,validate,7555.046875,132.36185248685172,12.516191370420849,"[7691.546875, 7539.421875, 7570.671875, 6745.94275]",.context/safeparse-optimization/final-comparison/scaling/results.json
scaling,dart-jit,ack,nested-10000-invalid-many,validate,20655.276125,48.41378028297842,4.866593135413725,"[20566.67725, 20743.875, 21464.57275, 20459.3645]",.context/safeparse-optimization/final-comparison/scaling/results.json
scaling,dart-jit,ack,nested-10000-valid,validate,8144.8698125,122.77667083951319,14.91327243973674,"[8680.9635, 7879.25, 8410.489625, 7466.296875]",.context/safeparse-optimization/final-comparison/scaling/results.json
scaling,dart-jit,ack,nested-10000-valid/decode+validate,decode+validate,12443.020875,80.3663362816628,21.91698886786606,"[12465.573, 12420.46875, 13720.28125, 10993.14575]",.context/safeparse-optimization/final-comparison/scaling/results.json
scaling,dart-jit,ack-baseline,nested-1-invalid-first,validate,1.5442670135498047,647556.4078140225,3.958216209357785,"[1.5074348449707031, 1.5473556518554688, 1.5685602722167968, 1.5411783752441406]",.context/safeparse-optimization/final-comparison/scaling/results.json
scaling,dart-jit,ack-baseline,nested-1-invalid-last,validate,1.5204620361328125,657694.8165989262,4.9143619850469165,"[1.5058733520507812, 1.4787483215332031, 1.5534693298339843, 1.5350507202148438]",.context/safeparse-optimization/final-comparison/scaling/results.json
scaling,dart-jit,ack-baseline,nested-1-invalid-many,validate,1.5470059814453125,646409.9117869834,11.405497309137255,"[1.5872777404785157, 1.604395538330078, 1.4279518127441406, 1.5067342224121094]",.context/safeparse-optimization/final-comparison/scaling/results.json
scaling,dart-jit,ack-baseline,nested-1-valid,validate,1.3435529022216797,744295.2178112335,10.089883846175974,"[1.4053370361328126, 1.3710110778808593, 1.3160947265625, 1.2697741088867187]",.context/safeparse-optimization/final-comparison/scaling/results.json
scaling,dart-jit,ack-baseline,nested-1-valid/decode+validate,decode+validate,1.8706620635986329,534570.0965765449,2.8434910393152504,"[1.8478800659179688, 1.8735682373046876, 1.8677558898925781, 1.9010721740722656]",.context/safeparse-optimization/final-comparison/scaling/results.json
scaling,dart-jit,ack-baseline,nested-10-invalid-first,validate,7.925196350097656,126179.8390632527,2.6666750457966044,"[7.796346069335938, 7.8466033935546875, 8.007685302734375, 8.003789306640625]",.context/safeparse-optimization/final-comparison/scaling/results.json
scaling,dart-jit,ack-baseline,nested-10-invalid-last,validate,7.674379943847656,130303.68672346917,11.684372308395583,"[7.5992279052734375, 8.30340576171875, 7.749531982421875, 7.40670263671875]",.context/safeparse-optimization/final-comparison/scaling/results.json
scaling,dart-jit,ack-baseline,nested-10-invalid-many,validate,10.404073120117188,96116.20261168794,5.373487065911768,"[10.636362548828124, 10.320363525390626, 10.077301025390625, 10.48778271484375]",.context/safeparse-optimization/final-comparison/scaling/results.json
scaling,dart-jit,ack-baseline,nested-10-valid,validate,7.423675537109375,134704.16305254892,5.153149523758628,"[7.240636108398437, 7.606714965820313, 7.230397583007813, 7.61295068359375]",.context/safeparse-optimization/final-comparison/scaling/results.json
scaling,dart-jit,ack-baseline,nested-10-valid/decode+validate,decode+validate,11.081354736328125,90241.67385614768,3.554717794391264,"[11.10880517578125, 11.13575244140625, 11.053904296875, 10.741841552734375]",.context/safeparse-optimization/final-comparison/scaling/results.json
scaling,dart-jit,ack-baseline,nested-100-invalid-first,validate,70.7304072265625,14138.19090277278,3.8223054730938975,"[71.9665126953125, 69.26298046875, 69.74259375, 71.718220703125]",.context/safeparse-optimization/final-comparison/scaling/results.json
scaling,dart-jit,ack-baseline,nested-100-invalid-last,validate,71.750833984375,13937.120232188068,4.266939188179624,"[72.0247802734375, 71.795369140625, 68.9632158203125, 71.706298828125]",.context/safeparse-optimization/final-comparison/scaling/results.json
scaling,dart-jit,ack-baseline,nested-100-invalid-many,validate,101.2836923828125,9873.257742425045,1.4411369534526324,"[101.907146484375, 102.10319140625, 100.66023828125, 100.6435546875]",.context/safeparse-optimization/final-comparison/scaling/results.json
scaling,dart-jit,ack-baseline,nested-100-valid,validate,70.37839794921875,14208.905418983051,2.6156610624907453,"[70.65458203125, 71.9268388671875, 70.085978515625, 70.1022138671875]",.context/safeparse-optimization/final-comparison/scaling/results.json
scaling,dart-jit,ack-baseline,nested-100-valid/decode+validate,decode+validate,102.9077138671875,9717.44451820782,9.469289074700852,"[103.60245703125, 102.212970703125, 95.0859375, 104.83056640625]",.context/safeparse-optimization/final-comparison/scaling/results.json
scaling,dart-jit,ack-baseline,nested-1000-invalid-first,validate,690.541015625,1448.1399038910274,7.861155061277248,"[737.430984375, 683.146484375, 689.580078125, 691.501953125]",.context/safeparse-optimization/final-comparison/scaling/results.json
scaling,dart-jit,ack-baseline,nested-1000-invalid-last,validate,705.21028125,1418.0167626420293,5.481888846185905,"[688.477875, 689.430984375, 720.989578125, 727.13671875]",.context/safeparse-optimization/final-comparison/scaling/results.json
scaling,dart-jit,ack-baseline,nested-1000-invalid-many,validate,1031.666015625,969.3059428677446,2.639591225509406,"[1028.958328125, 1010.34440625, 1037.576171875, 1034.373703125]",.context/safeparse-optimization/final-comparison/scaling/results.json
scaling,dart-jit,ack-baseline,nested-1000-valid,validate,705.4261015625,1417.5829300688288,8.485655849338666,"[719.8046875, 679.598296875, 739.458328125, 691.047515625]",.context/safeparse-optimization/final-comparison/scaling/results.json
scaling,dart-jit,ack-baseline,nested-1000-valid/decode+validate,decode+validate,1020.59375,979.8217949110506,5.486619308613246,"[1038.07096875, 1003.11653125, 988.229828125, 1044.225921875]",.context/safeparse-optimization/final-comparison/scaling/results.json
scaling,dart-jit,ack-baseline,nested-10000-invalid-first,validate,7436.3931875,134.47379324709757,5.497177727061921,"[7218.041625, 7312.765625, 7626.833375, 7560.02075]",.context/safeparse-optimization/final-comparison/scaling/results.json
scaling,dart-jit,ack-baseline,nested-10000-invalid-last,validate,7786.67975,128.4244417525968,10.810528710905313,"[7807.0365, 8025.161375, 7183.380125, 7766.323]",.context/safeparse-optimization/final-comparison/scaling/results.json
scaling,dart-jit,ack-baseline,nested-10000-invalid-many,validate,21105.052,47.38202019118456,10.402575648711977,"[20986.3645, 19796.177, 21223.7395, 21991.646]",.context/safeparse-optimization/final-comparison/scaling/results.json
scaling,dart-jit,ack-baseline,nested-10000-valid,validate,8562.84375,116.78363277386674,5.717958768078653,"[8417.890625, 8299.40625, 8707.796875, 8789.026125]",.context/safeparse-optimization/final-comparison/scaling/results.json
scaling,dart-jit,ack-baseline,nested-10000-valid/decode+validate,decode+validate,12374.125,80.81379491479196,1.6649318638691624,"[12220.5835, 12426.60425, 12422.448, 12325.802]",.context/safeparse-optimization/final-comparison/scaling/results.json
scaling,dart-jit,ack-json-schema,nested-1-invalid-first,validate,2.459271759033203,406624.43925803597,2.7273321673076407,"[2.4065501098632813, 2.4563751220703125, 2.473622619628906, 2.462168395996094]",.context/safeparse-optimization/final-comparison/scaling/results.json
scaling,dart-jit,ack-json-schema,nested-1-invalid-last,validate,2.4809748382568357,403067.3687535713,3.4953301573860114,"[2.5033467712402344, 2.4586029052734375, 2.4536895751953125, 2.5404078369140626]",.context/safeparse-optimization/final-comparison/scaling/results.json
scaling,dart-jit,ack-json-schema,nested-1-invalid-many,validate,2.418524444580078,413475.2502671633,2.5986278471517976,"[2.39664208984375, 2.3913446655273436, 2.4404067993164062, 2.454193115234375]",.context/safeparse-optimization/final-comparison/scaling/results.json
scaling,dart-jit,ack-json-schema,nested-1-valid,validate,1.1872466430664061,842284.9673570878,4.504767130363803,"[1.1971422882080078, 1.167963653564453, 1.2214463500976562, 1.1773509979248047]",.context/safeparse-optimization/final-comparison/scaling/results.json
scaling,dart-jit,ack-json-schema,nested-1-valid/decode+validate,decode+validate,1.7706534118652344,564763.263831844,17.646121937952188,"[1.7536048889160156, 2.0080362854003906, 1.7877019348144532, 1.6955846252441407]",.context/safeparse-optimization/final-comparison/scaling/results.json
scaling,dart-jit,ack-json-schema,nested-10-invalid-first,validate,4.406917572021484,226915.9755446238,6.234685396283219,"[4.251485168457031, 4.420489013671875, 4.393346130371094, 4.526242614746094]",.context/safeparse-optimization/final-comparison/scaling/results.json
scaling,dart-jit,ack-json-schema,nested-10-invalid-last,validate,7.357226013183594,135920.79381659275,5.185519315200113,"[7.5497589111328125, 7.218231201171875, 7.496220825195312, 7.16824853515625]",.context/safeparse-optimization/final-comparison/scaling/results.json
scaling,dart-jit,ack-json-schema,nested-10-invalid-many,validate,4.458202362060547,224305.65478813477,8.065889786094015,"[4.7137451171875, 4.354151428222656, 4.478355407714844, 4.43804931640625]",.context/safeparse-optimization/final-comparison/scaling/results.json
scaling,dart-jit,ack-json-schema,nested-10-valid,validate,6.231376647949219,160478.1826707756,9.458359197756009,"[6.53753662109375, 6.0990142822265625, 6.363739013671875, 5.948150634765625]",.context/safeparse-optimization/final-comparison/scaling/results.json
scaling,dart-jit,ack-json-schema,nested-10-valid/decode+validate,decode+validate,9.283330200195312,107719.96454235366,19.4140081266771,"[10.787689208984375, 9.086283203125, 9.480377197265625, 8.985422729492187]",.context/safeparse-optimization/final-comparison/scaling/results.json
scaling,dart-jit,ack-json-schema,nested-100-invalid-first,validate,23.327178955078125,42868.449799512025,5.966365117054887,"[23.5604248046875, 23.09393310546875, 23.68292236328125, 22.2911376953125]",.context/safeparse-optimization/final-comparison/scaling/results.json
scaling,dart-jit,ack-json-schema,nested-100-invalid-last,validate,59.52101611328125,16800.788449188865,5.795299078685943,"[59.7471513671875, 59.7903232421875, 59.294880859375, 56.34090234375]",.context/safeparse-optimization/final-comparison/scaling/results.json
scaling,dart-jit,ack-json-schema,nested-100-invalid-many,validate,22.66694140625,44117.11232130631,7.249990392464797,"[24.236673828125, 22.59332275390625, 22.63016748046875, 22.70371533203125]",.context/safeparse-optimization/final-comparison/scaling/results.json
scaling,dart-jit,ack-json-schema,nested-100-valid,validate,56.953166015625,17558.286394924064,7.199283224110161,"[59.0187578125, 54.9185380859375, 58.13973046875, 55.7666015625]",.context/safeparse-optimization/final-comparison/scaling/results.json
scaling,dart-jit,ack-json-schema,nested-100-valid/decode+validate,decode+validate,86.233927734375,11596.363824228025,2.720821776322404,"[85.80574609375, 84.615560546875, 86.96183203125, 86.662109375]",.context/safeparse-optimization/final-comparison/scaling/results.json
scaling,dart-jit,ack-json-schema,nested-1000-invalid-first,validate,210.217935546875,4756.968036045702,3.937117602367699,"[208.5087890625, 204.3741875, 211.92708203125, 212.65071484375]",.context/safeparse-optimization/final-comparison/scaling/results.json
scaling,dart-jit,ack-json-schema,nested-1000-invalid-last,validate,561.5506171875,1780.7833691082974,8.017120117413725,"[568.119140625, 554.98209375, 585.5891953125, 540.5690078125]",.context/safeparse-optimization/final-comparison/scaling/results.json
scaling,dart-jit,ack-json-schema,nested-1000-invalid-many,validate,207.015869140625,4830.547552471469,6.246611245882654,"[219.1552734375, 206.225421875, 206.223796875, 207.80631640625]",.context/safeparse-optimization/final-comparison/scaling/results.json
scaling,dart-jit,ack-json-schema,nested-1000-valid,validate,560.83170703125,1783.0660917755122,3.435652143224199,"[568.3209609375, 564.6360703125, 557.02734375, 549.052734375]",.context/safeparse-optimization/final-comparison/scaling/results.json
scaling,dart-jit,ack-json-schema,nested-1000-valid/decode+validate,decode+validate,828.203453125,1207.4327826414785,5.439265838608007,"[815.58071875, 825.3951875, 860.62890625, 831.01171875]",.context/safeparse-optimization/final-comparison/scaling/results.json
scaling,dart-jit,ack-json-schema,nested-10000-invalid-first,validate,2154.869140625,464.06530268931283,6.547066645034456,"[2253.33853125, 2112.2578125, 2154.24609375, 2155.4921875]",.context/safeparse-optimization/final-comparison/scaling/results.json
scaling,dart-jit,ack-json-schema,nested-10000-invalid-last,validate,5762.546875,173.53438014332855,4.0575396620960245,"[5690.3385, 5834.75525, 5870.822875, 5637.00525]",.context/safeparse-optimization/final-comparison/scaling/results.json
scaling,dart-jit,ack-json-schema,nested-10000-invalid-many,validate,2096.310546875,477.0285592898983,8.679622588420319,"[2094.2435, 2246.2356875, 2098.37759375, 2064.28384375]",.context/safeparse-optimization/final-comparison/scaling/results.json
scaling,dart-jit,ack-json-schema,nested-10000-valid,validate,6021.60675,166.06863276151336,10.758999248830056,"[5996.901, 6046.3125, 6345.35425, 5697.489625]",.context/safeparse-optimization/final-comparison/scaling/results.json
scaling,dart-jit,ack-json-schema,nested-10000-valid/decode+validate,decode+validate,9572.0365,104.4709764740241,4.006353559140733,"[9477.302, 9570.453125, 9573.619875, 9860.791625]",.context/safeparse-optimization/final-comparison/scaling/results.json
scaling,dart-jit,ack-json-schema-baseline,nested-1-invalid-first,validate,2.50243376159668,399610.9768603622,12.124322404180027,"[2.4835713806152344, 2.42435205078125, 2.521296142578125, 2.727755187988281]",.context/safeparse-optimization/final-comparison/scaling/results.json
scaling,dart-jit,ack-json-schema-baseline,nested-1-invalid-last,validate,2.5098902282714843,398423.7990713569,9.419421698701413,"[2.3286412658691407, 2.5650584106445313, 2.5612970581054686, 2.4584833984375]",.context/safeparse-optimization/final-comparison/scaling/results.json
scaling,dart-jit,ack-json-schema-baseline,nested-1-invalid-many,validate,2.522247314453125,396471.8266403707,4.642171109148326,"[2.4229405822753907, 2.540027618408203, 2.5344467163085938, 2.5100479125976562]",.context/safeparse-optimization/final-comparison/scaling/results.json
scaling,dart-jit,ack-json-schema-baseline,nested-1-valid,validate,1.2105083465576172,826099.2192608583,10.601824298240777,"[1.1215813903808594, 1.1891759338378907, 1.2318407592773437, 1.2499173583984375]",.context/safeparse-optimization/final-comparison/scaling/results.json
scaling,dart-jit,ack-json-schema-baseline,nested-1-valid/decode+validate,decode+validate,1.8122304229736328,551806.2092562881,5.54372761513147,"[1.7641398315429688, 1.7725143432617188, 1.8646049499511719, 1.8519465026855468]",.context/safeparse-optimization/final-comparison/scaling/results.json
scaling,dart-jit,ack-json-schema-baseline,nested-10-invalid-first,validate,4.318600982666015,231556.47025826102,12.46914915300031,"[4.005170227050781, 4.543663024902344, 4.3027496337890625, 4.334452331542969]",.context/safeparse-optimization/final-comparison/scaling/results.json
scaling,dart-jit,ack-json-schema-baseline,nested-10-invalid-last,validate,7.594851135253906,131668.15019693848,11.8163003321575,"[7.116673828125, 7.553471801757812, 7.63623046875, 8.014104248046875]",.context/safeparse-optimization/final-comparison/scaling/results.json
scaling,dart-jit,ack-json-schema-baseline,nested-10-invalid-many,validate,4.277389556884765,233787.4506637882,10.207807349323406,"[3.87738037109375, 4.314008056640625, 4.303029418945313, 4.251749694824219]",.context/safeparse-optimization/final-comparison/scaling/results.json
scaling,dart-jit,ack-json-schema-baseline,nested-10-valid,validate,6.564585327148437,152332.546560772,15.210475436163021,"[5.771845458984375, 6.54793798828125, 6.581232666015625, 6.77035009765625]",.context/safeparse-optimization/final-comparison/scaling/results.json
scaling,dart-jit,ack-json-schema-baseline,nested-10-valid/decode+validate,decode+validate,9.660560607910156,103513.6614309102,4.326548831214575,"[9.552296997070313, 9.675872802734375, 9.645248413085938, 9.970265869140626]",.context/safeparse-optimization/final-comparison/scaling/results.json
scaling,dart-jit,ack-json-schema-baseline,nested-100-invalid-first,validate,23.061828857421876,43361.695474475564,23.820702946227126,"[18.6266884765625, 22.2102255859375, 24.12017822265625, 23.91343212890625]",.context/safeparse-optimization/final-comparison/scaling/results.json
scaling,dart-jit,ack-json-schema-baseline,nested-100-invalid-last,validate,61.09114599609375,16368.984141563515,11.00723546664597,"[56.398681640625, 59.6585693359375, 62.52372265625, 63.1231279296875]",.context/safeparse-optimization/final-comparison/scaling/results.json
scaling,dart-jit,ack-json-schema-baseline,nested-100-invalid-many,validate,23.293691162109376,42930.078923114066,18.730902809602824,"[19.19657373046875, 23.23651123046875, 23.5596923828125, 23.35087109375]",.context/safeparse-optimization/final-comparison/scaling/results.json
scaling,dart-jit,ack-json-schema-baseline,nested-100-valid,validate,60.9908447265625,16395.903425887194,12.599880313107317,"[54.803466796875, 60.6636962890625, 62.488240234375, 61.3179931640625]",.context/safeparse-optimization/final-comparison/scaling/results.json
scaling,dart-jit,ack-json-schema-baseline,nested-100-valid/decode+validate,decode+validate,87.36503125,11446.227234079997,4.140967799974318,"[85.7103671875, 89.328125, 88.872640625, 85.857421875]",.context/safeparse-optimization/final-comparison/scaling/results.json
scaling,dart-jit,ack-json-schema-baseline,nested-1000-invalid-first,validate,201.782390625,4955.833841112715,21.823415044966836,"[165.59016796875, 197.552734375, 206.012046875, 209.6259765625]",.context/safeparse-optimization/final-comparison/scaling/results.json
scaling,dart-jit,ack-json-schema-baseline,nested-1000-invalid-last,validate,589.7166328125,1695.729685002711,7.207679154271777,"[558.00390625, 582.2109375, 597.222328125, 600.5087890625]",.context/safeparse-optimization/final-comparison/scaling/results.json
scaling,dart-jit,ack-json-schema-baseline,nested-1000-invalid-many,validate,200.964923828125,4975.992730230121,23.290705435507192,"[161.5999375, 208.4060859375, 201.58837890625, 200.34146875]",.context/safeparse-optimization/final-comparison/scaling/results.json
scaling,dart-jit,ack-json-schema-baseline,nested-1000-valid,validate,602.42871484375,1659.947435041118,11.478061872089626,"[546.7412109375, 605.03190625, 615.8883515625, 599.8255234375]",.context/safeparse-optimization/final-comparison/scaling/results.json
scaling,dart-jit,ack-json-schema-baseline,nested-1000-valid/decode+validate,decode+validate,870.3860703125,1148.915445810115,8.81972122697671,"[831.572921875, 862.940109375, 877.83203125, 908.338546875]",.context/safeparse-optimization/final-comparison/scaling/results.json
scaling,dart-jit,ack-json-schema-baseline,nested-10000-invalid-first,validate,2084.985015625,479.61975386199003,24.48652340059908,"[1692.08465625, 2202.625, 2124.22525, 2045.74478125]",.context/safeparse-optimization/final-comparison/scaling/results.json
scaling,dart-jit,ack-json-schema-baseline,nested-10000-invalid-last,validate,6039.7135625,165.57076584043716,8.81086693091002,"[5907.84375, 6070.807375, 6008.61975, 6439.994875]",.context/safeparse-optimization/final-comparison/scaling/results.json
scaling,dart-jit,ack-json-schema-baseline,nested-10000-invalid-many,validate,2033.262375,491.82044201255627,26.55241124500718,"[1563.04296875, 1997.8580625, 2102.92315625, 2068.6666875]",.context/safeparse-optimization/final-comparison/scaling/results.json
scaling,dart-jit,ack-json-schema-baseline,nested-10000-valid,validate,6430.372375,155.51198930372988,9.9249850985496,"[5930.8125, 6492.552125, 6368.192625, 6569.026]",.context/safeparse-optimization/final-comparison/scaling/results.json
scaling,dart-jit,ack-json-schema-baseline,nested-10000-valid/decode+validate,decode+validate,10045.3125,99.54891896095816,11.979726862653601,"[8881.708375, 10085.109375, 10047.44275, 10043.18225]",.context/safeparse-optimization/final-comparison/scaling/results.json
scaling,node,ajv,nested-1-invalid-first,validate,0.15030487251281738,6653144.261272862,8.419197934252308,"[0.14869117736816406, 0.1519932746887207, 0.1519185676574707, 0.139338809967041]",.context/safeparse-optimization/final-comparison/scaling/results.json
scaling,node,ajv,nested-1-invalid-last,validate,0.1509612808227539,6624215.126884862,2.1042554285061903,"[0.15060107040405274, 0.15305113792419434, 0.14987452697753906, 0.15132149124145508]",.context/safeparse-optimization/final-comparison/scaling/results.json
scaling,node,ajv,nested-1-invalid-many,validate,0.1537819709777832,6502712.857962196,8.576013194347306,"[0.14973036575317383, 0.1618469581604004, 0.15783357620239258, 0.14865859603881837]",.context/safeparse-optimization/final-comparison/scaling/results.json
scaling,node,ajv,nested-1-valid,validate,0.14096792507171632,7093812.294472363,2.8680453805739816,"[0.13992412757873535, 0.1426126174926758, 0.14201172256469727, 0.13856959342956543]",.context/safeparse-optimization/final-comparison/scaling/results.json
scaling,node,ajv,nested-1-valid/decode+validate,decode+validate,0.6365747451782227,1570907.4347899691,12.361903649005164,"[0.6520474700927734, 0.6621475219726562, 0.6211020202636719, 0.5834547653198242]",.context/safeparse-optimization/final-comparison/scaling/results.json
scaling,node,ajv,nested-10-invalid-first,validate,0.8511012420654297,1174948.349943923,5.342033119251036,"[0.8797766418457031, 0.8586667327880859, 0.8343105316162109, 0.8435357513427735]",.context/safeparse-optimization/final-comparison/scaling/results.json
scaling,node,ajv,nested-10-invalid-last,validate,0.8323704376220703,1201388.1738241648,4.005711873363538,"[0.8053436279296875, 0.8310139923095703, 0.8337268829345703, 0.8386859893798828]",.context/safeparse-optimization/final-comparison/scaling/results.json
scaling,node,ajv,nested-10-invalid-many,validate,0.907370246887207,1102085.9494022042,1.0953156276976552,"[0.9077809600830078, 0.9155635833740234, 0.9069595336914062, 0.905625015258789]",.context/safeparse-optimization/final-comparison/scaling/results.json
scaling,node,ajv,nested-10-valid,validate,0.8185510635375977,1221670.8823005129,2.6385861567982776,"[0.8247871398925781, 0.8330987243652344, 0.8123149871826172, 0.8115005493164062]",.context/safeparse-optimization/final-comparison/scaling/results.json
scaling,node,ajv,nested-10-valid/decode+validate,decode+validate,2.6484896240234375,377573.6898983413,8.493912384744272,"[2.7528635864257813, 2.662485778808594, 2.5279031982421873, 2.634493469238281]",.context/safeparse-optimization/final-comparison/scaling/results.json
scaling,node,ajv,nested-100-invalid-first,validate,8.670730651855468,115330.53443264413,4.97954364769039,"[8.77725732421875, 8.961390258789063, 8.564203979492188, 8.52962744140625]",.context/safeparse-optimization/final-comparison/scaling/results.json
scaling,node,ajv,nested-100-invalid-last,validate,8.648269653320312,115630.06706388625,4.706881943917582,"[8.809056640625, 8.693832397460938, 8.401992797851562, 8.602706909179688]",.context/safeparse-optimization/final-comparison/scaling/results.json
scaling,node,ajv,nested-100-invalid-many,validate,8.408485412597656,118927.48229090015,7.221374863104371,"[8.144271850585938, 8.751480102539062, 8.222066284179688, 8.594904541015625]",.context/safeparse-optimization/final-comparison/scaling/results.json
scaling,node,ajv,nested-100-valid,validate,8.611956237792969,116117.63603855415,4.71249364742483,"[8.90047705078125, 8.66253662109375, 8.49463916015625, 8.561375854492187]",.context/safeparse-optimization/final-comparison/scaling/results.json
scaling,node,ajv,nested-100-valid/decode+validate,decode+validate,23.361521484375,42805.4311731723,10.202344282912465,"[21.57682275390625, 23.14042138671875, 23.58262158203125, 23.96024560546875]",.context/safeparse-optimization/final-comparison/scaling/results.json
scaling,node,ajv,nested-1000-invalid-first,validate,90.1368408203125,11094.242830115343,7.504865242598534,"[87.7626953125, 92.510986328125, 86.061931640625, 92.826580078125]",.context/safeparse-optimization/final-comparison/scaling/results.json
scaling,node,ajv,nested-1000-invalid-last,validate,90.457234375,11054.947754144181,2.1609702305803,"[90.612955078125, 91.3579921875, 90.301513671875, 89.40323828125]",.context/safeparse-optimization/final-comparison/scaling/results.json
scaling,node,ajv,nested-1000-invalid-many,validate,88.79817578125,11261.492606148257,8.298844645641958,"[87.25716015625, 88.77376171875, 94.6263828125, 88.82258984375]",.context/safeparse-optimization/final-comparison/scaling/results.json
scaling,node,ajv,nested-1000-valid,validate,89.181111328125,11213.136785442037,7.255414165638924,"[89.355712890625, 89.006509765625, 85.50390625, 91.974365234375]",.context/safeparse-optimization/final-comparison/scaling/results.json
scaling,node,ajv,nested-1000-valid/decode+validate,decode+validate,241.1953125,4146.017555793088,8.091751692417322,"[245.5244140625, 251.61751171875, 236.8662109375, 232.1005859375]",.context/safeparse-optimization/final-comparison/scaling/results.json
scaling,node,ajv,nested-10000-invalid-first,validate,966.890625,1034.2431440991581,4.76607197685881,"[989.13803125, 967.838546875, 943.055328125, 965.942703125]",.context/safeparse-optimization/final-comparison/scaling/results.json
scaling,node,ajv,nested-10000-invalid-last,validate,965.4609375,1035.7746866376974,6.475346134861101,"[929.28775, 974.0013125, 956.9205625, 991.8046875]",.context/safeparse-optimization/final-comparison/scaling/results.json
scaling,node,ajv,nested-10000-invalid-many,validate,984.9430390625,1015.2871387890935,2.9613879400338736,"[1005.799484375, 985.045578125, 976.6315, 984.8405]",.context/safeparse-optimization/final-comparison/scaling/results.json
scaling,node,ajv,nested-10000-valid,validate,975.37890625,1025.242594023957,22.49212605678082,"[1153.7565, 934.373046875, 953.48046875, 997.27734375]",.context/safeparse-optimization/final-comparison/scaling/results.json
scaling,node,ajv,nested-10000-valid/decode+validate,decode+validate,2396.93425,417.1995956918718,3.251386380331459,"[2383.18490625, 2389.76040625, 2461.1185, 2404.10809375]",.context/safeparse-optimization/final-comparison/scaling/results.json
